participant_id,condition,eeg_theta,fnirs_hbo,fixation_duration_ms,response_time_sec,compliance,parietal_alpha,p300_latency_ms,tar_ratio,normalized_rt
1,Visual Interference,7.186171947440931,0.09071130754111206,1436.4901504500692,3.742360884500327,0,8.399899663272011,358.07231163419743,0.8555068793097587,0.3020063556390267
1,Confirmshaming,6.404460046972835,0.32155193423026,183.96441558807405,5.831495172107168,1,8.849356442713106,310.9102444252071,0.723720429664296,1.524776735223534
1,Confirmshaming,6.469926038510867,0.2791273906148436,161.6594036125337,0.5291495802319283,0,9.599443886861021,287.9331627463146,0.673989672189907,-1.5786863454061972
1,Trick Questions,5.465447373174767,0.21067079305549583,1445.5403362984725,1.5181731800868143,0,10.36965827544817,287.8965701623996,0.5270614737724859,-0.9998107940418394
1,Visual Interference,6.721230154351119,0.20821967086659893,171.88718591377977,5.676329831835176,0,9.541666010159664,282.7142628774364,0.7044084489222915,1.4339584555426783
1,Fake Urgency,6.736932106048627,0.2036670972454246,351.3630874938851,3.172990696623113,0,11.637281608315128,323.9925968720029,0.5789094337319225,-0.03124603741429349
1,Trick Questions,7.02144564127061,0.19706858477614767,493.1037437325116,3.579121835791952,0,11.369139098379994,356.4582026728602,0.6175881551375431,0.20646253409713572
1,Fake Urgency,7.579309401710596,0.2730759906768775,1671.0924877881428,0.8955580114907491,0,8.180909155642151,335.30615622975495,0.9264629709869534,-1.3642274763755489
1,Trick Questions,6.989280440549523,0.2474645382511951,1118.1394233453495,5.8054297206791725,0,9.103996728090173,330.36649596969403,0.7677156142844668,1.5095206254915159
2,Confirmshaming,4.298202574719083,0.4442302521042276,1424.2038693394848,1.5128078165913652,0,11.261845713819337,400.1657484540949,0.38166058068481495,-1.0029511415038757
2,Visual Interference,7.160702162124823,0.27662238890364504,1678.396449547026,4.046031342810889,1,11.400154311159197,356.4066146034946,0.6281232662890774,0.4797446866691318
2,Confirmshaming,4.254233401144095,0.14683222155489137,686.5524813441326,4.485794598693159,0,11.548850970305306,360.27653727753136,0.3683685426439986,0.7371381373976944
2,Confirmshaming,7.886848381556415,0.38352208267707694,1340.8537099220407,1.7215155505941522,0,8.161734358153726,400.8126912465839,0.9663201515101144,-0.880794496695202
2,Fake Urgency,4.10167650697638,0.05747222787705396,201.85815638311152,3.96389830307717,0,10.034282764658812,434.2863005674358,0.40876628685636274,0.43167221532662453
2,Visual Interference,6.417669517111269,0.24753008017273617,485.05102081236953,5.679979995124694,0,10.779139732158818,429.6795326325938,0.5953786365682409,1.4360948962576419
2,Fake Urgency,7.232481518257668,0.2886976528645863,1587.9099738097343,4.900563630635041,0,11.570235993959912,371.6881811256606,0.6250936905723694,0.9799024678842937
2,Fake Urgency,4.488351818802693,0.16677104875386897,1646.2669285504942,1.9239405965539578,0,8.002081507981263,339.9367055768087,0.5608980381324556,-0.7623151094418231
2,Visual Interference,4.027808522124763,0.23472881313412894,838.7281551954853,1.6438037386360893,0,9.350460685614511,440.29464966512825,0.43076043604155917,-0.9262792232490956
3,Fake Urgency,4.8750568782922805,0.25556488088763013,816.3296822457673,0.7633965838102967,0,8.987504251354405,398.371726382764,0.5424260998327334,-1.4415815651241366
3,Visual Interference,5.203513239267078,0.13532981752608575,210.8634631349791,3.813560270287422,0,8.205915004999957,327.36989892022393,0.6341173697383556,0.3436793589024025
3,Confirmshaming,6.537405378805455,0.3095103986840974,1026.042062473275,2.907585721609313,0,10.370786895517574,293.7450654765616,0.6303673428706774,-0.18658757958628955
3,Trick Questions,4.950550175969599,0.3304151933892182,756.8421689867678,3.940912651324045,0,10.143098736299034,295.34926090924944,0.488070786322241,0.4182187124637892
3,Confirmshaming,4.602870175861717,0.23360746176591624,1298.091131204955,5.206809306956831,0,8.880964190262194,400.895420514463,0.5182849606474796,1.1591480741162765
3,Visual Interference,4.905983100791752,0.2938760277801579,437.7046078582359,4.269251333373809,0,11.746919954946938,303.37856050481884,0.4176399532479757,0.610395355805456
3,Trick Questions,6.940864476963089,0.10199151312459402,1043.3891568154836,4.2963926363324605,0,8.699819708383744,446.9686183660041,0.7978170478951874,0.6262811614801048
3,Trick Questions,6.1186023134240255,0.11641500799619874,303.6195668797337,5.42440824453863,1,10.532405829093072,337.6350644782791,0.5809311198893375,1.286508740724681
3,Visual Interference,6.801431319891085,0.3825309025848546,1562.9350815988525,2.6652455118842644,1,11.40371379507005,439.0579490175611,0.5964224850005809,-0.3284293137399788
4,Trick Questions,7.5942167541083165,0.27682878625021956,165.17513516743892,0.9682406400497797,1,8.020246335384876,307.3373687409748,0.9468807361443575,-1.3216863310602167
4,Fake Urgency,5.942455014344906,0.20730662291394883,1790.854813307854,1.385181414993134,0,9.975574860733738,310.3998605676259,0.595700508221921,-1.0776508793106023
4,Trick Questions,6.598531596188859,0.3836583006174383,1235.0612722955666,3.5825281786786407,0,9.470863212237735,325.0844025058933,0.6967191319649295,0.2084562667208642
4,Fake Urgency,6.3594833902421755,0.440712857641004,953.1245523831009,5.474153211223903,0,9.400313630778703,389.66757154519604,0.6765182141816867,1.315624471655433
4,Visual Interference,5.970070775275456,0.09590691463113958,1342.0459901814838,1.9723252296687925,0,10.581889183628672,310.10881549919833,0.5641781605983742,-0.7339955818026226
4,Trick Questions,5.879778055963772,0.1330065503905738,1607.7651367393273,4.587225133825518,1,9.323001218682055,373.97004436203326,0.6306743845728003,0.796505433545674
4,Visual Interference,7.854479908357011,0.38532416040563844,635.8406719148163,2.5565472801707814,1,9.26768802062511,308.8137669366357,0.8475123343467083,-0.39205039297884176
4,Confirmshaming,5.578765867237889,0.381453781919577,1684.5277774378726,0.7943303327574458,0,10.684574067296202,340.9699528203479,0.5221327337992455,-1.4234760406652913
4,Visual Interference,6.073318609454947,0.3960441516483004,1372.2682192944374,4.3032881495735005,1,9.43796460487902,329.9106135249639,0.6434987694608755,0.6303171056475978
5,Visual Interference,5.6791234257851055,0.12273105518156154,1158.997622928373,0.856927410241346,0,10.511577659794543,313.02657209704716,0.5402731739791102,-1.3868379687855035
5,Trick Questions,6.807867509030814,0.3601487745518845,1618.5088139989844,2.2927728783686003,0,8.375927759363476,378.3076239693496,0.8127896639772564,-0.5464375605868189
5,Fake Urgency,5.312610669898928,0.07821831136020745,1770.0374657123762,5.098027611588435,1,9.001005442063455,286.60190485300194,0.5902241370805156,1.0954781435969547
5,Visual Interference,5.440762565645052,0.0659066255668293,1011.7013790904272,4.711963897352221,0,10.491561903276,294.50906904894055,0.5185846126443927,0.869515036677109
5,Confirmshaming,4.777520135979492,0.19099571822493858,1304.19514776587,1.1747773175396876,0,11.878147468456635,401.4811677105919,0.40221087915153236,-1.2008004057127575
5,Visual Interference,7.180744779074814,0.12916619055531267,874.3028441642996,0.8393557355166894,0,11.8505936587117,422.116620487075,0.6059396673175145,-1.39712267068354
5,Confirmshaming,6.753999603061466,0.03560518202371519,1660.1026505836928,2.8771724864941848,0,8.375493160325167,311.08721950824224,0.8064002290701233,-0.2043884472790592
5,Confirmshaming,5.119735587783771,0.43014072349180543,1367.529912548018,3.5043826940638434,0,9.67840024971116,322.1142682151968,0.5289857265343582,0.1627177115441596
5,Trick Questions,4.634585790569965,0.06287244503448255,714.1014500820626,0.9140747685552746,0,9.245653237565177,446.51678986565645,0.5012718594873966,-1.3533896177473221
6,Confirmshaming,5.896695316349301,0.05304703068644065,961.1661939427734,3.0514419163711675,0,9.735406596951892,347.7458048475535,0.6056958440950506,-0.10238854321125715
6,Fake Urgency,7.796582926365543,0.40013937041114095,580.474478513828,0.4857054256261546,1,10.004159535661037,371.69416622801066,0.77933412582773,-1.6041142107823778
6,Confirmshaming,4.651737708325719,0.04105024885618913,1209.9918090404208,0.5484633390330822,0,11.76092096569983,377.83061023889945,0.39552495267099336,-1.567382001630602
6,Fake Urgency,6.293468166687733,0.06654015542292048,1488.4868916144048,4.99558106416615,0,11.281707375085073,390.75241121582394,0.5578471376226664,1.035516175416265
6,Visual Interference,4.783164539157186,0.0405189723850728,316.283702272754,0.5020422236486785,0,10.732027093665428,292.1020702382389,0.4456906880136788,-1.5945522822660063
6,Trick Questions,5.54158648386226,0.3099100143480275,712.0305396159961,1.8598893581210572,0,10.771561434767758,339.21722275704354,0.5144645479136832,-0.7998043017814757
6,Visual Interference,7.509888054108211,0.33343125927370976,1475.7435351350002,1.979393606399316,0,11.002459006563434,417.1619056754349,0.6825645112268307,-0.7298584606280286
6,Confirmshaming,6.926591021198561,0.06618348094588486,562.5271412065727,3.651046469125895,1,10.247466768575094,320.56146616435785,0.6759320305814176,0.2485600247778177
6,Visual Interference,7.0034842711659895,0.34199886459726025,320.15438357928883,5.454296277405573,0,11.305829864430967,334.408432175204,0.619457780202363,1.3040022075212128
7,Visual Interference,4.3999395486474535,0.03353353056884232,1731.5934698572773,5.144001606935303,0,11.827203540505826,395.05088375213154,0.37201858694479495,1.1223867248570436
7,Trick Questions,6.293751552493145,0.2880083733547117,889.9351112642277,2.041980321509161,0,10.690073824308154,407.9036700044056,0.5887472487029777,-0.6932264538461769
7,Visual Interference,7.12518420188481,0.05992442488767713,1686.0330243840328,5.855789967792697,1,8.2234846187094,405.29604465447153,0.866443427847384,1.5389964800807938
7,Confirmshaming,5.403660050208314,0.06150948722814658,385.9362753871792,4.664459537617844,0,8.404490704491161,294.29815703954955,0.6429491375748355,0.841710733081641
7,Confirmshaming,4.890305670284122,0.18452670485987083,1621.6298994816814,1.2209870014753426,0,8.93291228969811,378.821920928553,0.5474480787104415,-1.1737538759125083
7,Confirmshaming,5.482568588267563,0.36763180959330116,1712.960152683367,5.921605957408077,1,9.505038342123663,294.1951218387737,0.5768065725700818,1.5775185813560149
7,Confirmshaming,5.511950360489018,0.32023712029053036,560.3948548099752,2.2494141625069517,0,9.014728695492554,348.8843547528409,0.6114382968890726,-0.5718154186627485
7,Fake Urgency,4.225213102727349,0.062279883157951646,343.9183071822231,4.035577691849956,1,10.333475060388638,443.5693332406721,0.40888598250204133,0.4736261643561469
7,Visual Interference,5.91085956352091,0.04647218154507586,1021.8107001403952,2.843480656996713,1,11.911602675017082,374.52085656923936,0.4962270590101288,-0.2241082763910081
8,Visual Interference,7.564572454792284,0.24218848799797194,1788.3919135968456,0.8132607625182336,0,11.877210142476397,368.9266335089253,0.6368980900438183,-1.412396059391894
8,Confirmshaming,4.867236426345965,0.13957733660934915,1793.1217687984617,4.3027803128373625,0,10.948402823372078,435.5932380837481,0.4445613213970939,0.6300198687862347
8,Fake Urgency,7.801645936306235,0.4017160649120032,901.8336420964264,3.8727425476886053,0,8.752484638895044,358.82872883979695,0.8913635679675014,0.3783187481612988
8,Fake Urgency,4.917578982819799,0.12701268698426516,744.5694070886926,1.855719231983871,0,8.129263804438601,327.55979621872075,0.6049230411411655,-0.8022450767713513
8,Confirmshaming,7.255180078827795,0.3112817159237069,418.31794991907066,5.501192233165518,1,11.799199653167696,403.3723164260212,0.6148874747517319,1.3314504122468427
8,Visual Interference,7.676706207342239,0.0464093048155347,1596.491451777558,3.488892086246792,0,9.645020466341476,412.19238823498836,0.7959243045809883,0.15365105818787925
8,Fake Urgency,7.949104517259778,0.0761834320855524,1130.315680331023,2.5329887971337204,1,11.368475692542834,422.51587980089346,0.6992234255709412,-0.40583917401438785
8,Fake Urgency,4.147287470543965,0.06889493227227861,172.5587419645455,0.822010737973789,1,10.137385100117852,407.4848274098952,0.40910820981790963,-1.407274698418301
8,Visual Interference,6.22172682241051,0.34835446267942466,1708.8634543060061,5.158025387793504,0,9.802176541240375,301.95710057575417,0.6347291130938157,1.130594844337403
9,Visual Interference,5.0989271881036355,0.10118016556354484,1599.0641013406673,4.639195140164481,0,9.074689928101229,283.7714061451513,0.5618844531882011,0.826923480272052
9,Fake Urgency,6.081230803615173,0.34982009236368133,1008.2697768347891,5.172216401783825,0,10.243751886141546,429.03111245191866,0.5936526842125376,1.1389008453764795
9,Confirmshaming,6.359823588550544,0.22122022548812906,843.8840347973738,4.794142278088134,0,11.220178670077448,433.5356799750265,0.5668201706547908,0.9176140461099593
9,Trick Questions,4.058178662671528,0.16425852587490267,1123.3641833101447,2.5965666525585007,0,11.616634777974994,339.2034293939611,0.34934202032121975,-0.36862705276775315
9,Fake Urgency,5.803641789664418,0.4106073624974401,641.6330950442183,3.3321727456840624,1,11.18588710269551,358.08895735084934,0.518836077673794,0.061923222076567516
9,Confirmshaming,5.968465172318153,0.12362753085154167,907.5739977931312,5.888182421598671,0,9.315006441150032,387.6781452338434,0.6407365588017011,1.5579557845500995
9,Trick Questions,5.36625284182618,0.24639590335419084,909.1966123228939,3.6746901933152603,0,10.790670294787727,310.6114362993807,0.49730486570591154,0.2623986974631144
9,Trick Questions,5.382669133295453,0.4045869003586452,932.0367064337394,4.138323335717752,0,8.769156075234683,286.9476647653014,0.6138183751224202,0.533763193697998
9,Confirmshaming,5.3803305112895465,0.16295245437238076,202.47772445052246,3.472805731561488,0,9.423965937087944,432.01693469230736,0.5709199871059909,0.14423571416649877
10,Confirmshaming,6.013669083419428,0.31377372459692077,214.86503073781324,4.876698233890639,0,8.327036127795488,428.5083660981521,0.7221860204672242,0.965934050243934
10,Visual Interference,5.50914386096829,0.011141810728804488,1582.6968266087183,0.8732952430118188,0,11.945027983467261,371.22040981784653,0.4612081167656806,-1.3772578756299536
10,Trick Questions,5.938091940764085,0.28203209947333024,758.7075052901245,2.990194410345628,1,8.14673281156239,322.9142805384835,0.7288924380012004,-0.13823671086411002
10,Visual Interference,6.748662021613324,0.3815538959587967,1386.8667828141693,0.5706440553081273,1,9.416586683172502,347.517851525694,0.7166781604286853,-1.5543996275343144
10,Trick Questions,5.076972923797523,0.17600503176603396,183.1174763332485,2.2036433272657985,0,9.309989408711658,300.3595624092727,0.5453253168093656,-0.5986050903050808
10,Confirmshaming,5.371707457113041,0.2185467742294447,735.9221004108529,4.033407905632825,0,10.336797938856677,405.25982081713516,0.5196684204225811,0.4723561883990831
10,Visual Interference,6.98175789673732,0.19993020034105893,360.5074996126802,1.9891450724728568,0,10.583668965326405,377.03231179371505,0.6596727391616788,-0.7241509271568759
10,Trick Questions,5.99299079139576,0.15535333176360216,1690.591509203793,0.44219243355081855,0,9.461427278696231,362.92766613748546,0.6334129740541201,-1.6295823667321638
10,Fake Urgency,4.746268096205223,0.13544187422529275,436.06643223634546,5.421886377907981,0,10.098045558281019,349.76746058824244,0.4700184871232821,1.285032692087926
11,Trick Questions,7.989022139073578,0.40450851570856916,1100.397389379339,5.537415433278977,0,11.90026865178057,363.42729247399336,0.671331242415122,1.352651852678534
11,Fake Urgency,6.674572879697724,0.41892543521613773,1068.6587734729842,3.601031061031439,0,11.077971732767747,311.79743725477897,0.6025085675164593,0.21928600447977858
11,Fake Urgency,6.843809915346993,0.09778304802886069,1364.8078531025055,3.367104129814253,1,11.071118005771355,294.8393305302448,0.618167913283855,0.08236856256313543
11,Fake Urgency,4.61745086109681,0.2217016448161197,1028.7725637101166,0.6902118062055906,0,8.537658707755897,290.7737449803705,0.5408333852584388,-1.4844166182953833
11,Trick Questions,4.806921849320943,0.31121148106712665,294.9823835503837,1.177418731275314,0,8.466784256566726,360.4382541788217,0.567738790036224,-1.1992543861508216
11,Fake Urgency,5.647363656589074,0.16350203727891793,1683.7230880089126,5.051468683611283,1,8.497188893942178,404.2474707846195,0.6646155248608392,1.0682272012456684
11,Confirmshaming,4.820007240212949,0.17686057738407218,1678.6415489230235,4.440940684207153,0,11.12605792700566,420.74995082017364,0.43321788110716325,0.7108851395089215
11,Confirmshaming,4.806509280190978,0.08200861486090998,421.03856658613836,4.96161843329574,1,10.092261699076477,341.0011823009954,0.4762569009314148,1.0156378462502296
11,Confirmshaming,6.353226703180226,0.3105121079035383,895.7151921434147,4.397181747189825,1,10.496406176727351,371.76278052548764,0.6052763770962495,0.6852730319750465
12,Visual Interference,6.010881560369917,0.1121735858645996,1634.298045903038,2.5497908396899835,0,11.625888443858187,386.12045930537863,0.517025566639201,-0.3960049378543697
12,Visual Interference,5.72611257254577,0.1564389458014931,1355.4060757353475,4.284818601458695,0,11.514516461493752,364.22201648867417,0.49729509629820223,0.6195068784194737
12,Fake Urgency,7.575570332203831,0.35698277293879355,400.26355155903946,2.14564357965507,0,10.975785170290708,285.7005139050825,0.690207599243962,-0.6325523448317476
12,Fake Urgency,6.856256328894457,0.22735185433757957,1395.1482315691924,0.9763297721672121,0,9.515286262227663,357.6900372778853,0.720551766909145,-1.3169517617180646
12,Trick Questions,5.589149162241469,0.3608099609430036,397.3637551254767,1.683807813302792,1,10.880146146184298,388.99509759050056,0.5137016623808497,-0.9028648367947115
12,Visual Interference,6.262033389291895,0.32511879288249895,1138.3984518825887,5.030073435730839,1,9.370097028714174,318.64966711509777,0.6682997379965459,1.055704561831213
12,Visual Interference,5.84802321457653,0.42680466942919876,403.02981514153237,3.6828870592940643,0,10.445816941738592,283.0787312495429,0.5598435476319185,0.26719632343850686
12,Trick Questions,6.371851621035287,0.05497357225908782,1665.9383617302317,4.824473967894885,0,10.605468843952984,411.1119336483555,0.6008081033275943,0.9353671853305727
12,Visual Interference,6.426860185531424,0.19661749537304987,1365.1329887807926,5.632455282706483,1,9.803357485616528,299.2504677929284,0.655577458535089,1.408278680235536
13,Confirmshaming,4.662082041469159,0.0919811869774131,1531.859801854112,2.260019910867658,0,8.909582483508451,383.342046945024,0.5232660509174955,-0.5656078737357759
13,Visual Interference,4.219046555288125,0.1574867863241964,1474.7081901867189,0.425939328825776,0,9.592674774363774,371.3572524994469,0.43981961804474395,-1.6390953095582725
13,Visual Interference,7.691840927193939,0.2149080538202778,943.3810138469713,5.5433464596600865,0,8.131386680973753,435.1674086894519,0.9459445515230156,1.3561232826494922
13,Fake Urgency,4.705547946024893,0.2292818200053711,841.226991682504,5.52313704598136,0,10.322353401112174,387.48492894632017,0.455859992694873,1.344294712039307
13,Trick Questions,4.850723137364906,0.23667642025899754,1759.6431708765479,2.9703383328952726,0,11.442528071562936,370.96185221872196,0.4239205800525814,-0.14985847376612196
13,Trick Questions,6.00878004132497,0.2719694076208193,260.67618769090535,4.5997786342353955,0,11.592217157762855,314.8737388819412,0.5183460557673495,0.80385299782259
13,Confirmshaming,6.499903948204209,0.1761994168736745,1530.3319419323493,3.689740183710816,0,10.856236799159312,369.7001141246136,0.5987253289010378,0.27120745742549934
13,Fake Urgency,5.763050987752912,0.18633574678514345,1073.4065466585594,1.26934537721199,0,11.44714248405407,440.83962856271756,0.5034488734442568,-1.1454497167177795
13,Trick Questions,5.089207418881198,0.40486938032030906,1018.8544699878347,4.884198720322278,1,11.359155437826281,427.38893920195903,0.44802691949561724,0.9703240852433547
14,Trick Questions,4.108383970013934,0.10766775125049775,531.2734143703178,4.162599364152879,0,8.416434327938296,415.9857345134422,0.4881383029837448,0.547971954082869
14,Visual Interference,7.549841930054011,0.2549574973046811,1339.341608912336,4.909763817204269,1,10.412789608707918,417.1645253236396,0.7250546888741798,0.9852873374401849
14,Trick Questions,5.58873411847382,0.3039574600910843,488.2240874361046,2.0416272894616743,1,8.052007694042944,294.5364502452596,0.6940795800044368,-0.6934330835172668
14,Visual Interference,7.392512381867534,0.06402183145159174,1596.1327251942348,4.000383156239818,1,11.642496014161216,386.20941607735267,0.634959408435763,0.4530268012981567
14,Visual Interference,5.03769373372517,0.17706465959359743,1123.9866551494329,1.9011563886081069,0,9.637646608764962,373.8480207448366,0.522709945511349,-0.7756507072364459
14,Fake Urgency,7.444272079898886,0.10658463103562182,1758.0029875781354,4.766649138812973,0,10.263106479866241,447.5124430810949,0.7253429645792691,0.901522310625608
14,Visual Interference,7.199421023789261,0.19709394196646274,187.07435872819372,1.9045932125556981,0,10.533912879304589,323.8409065236444,0.6834517340591999,-0.7736391340465887
14,Fake Urgency,6.580216671077318,0.19554973120344402,368.25574835679515,5.44320488692376,1,10.732735425781925,419.8392589049846,0.6130978180334602,1.2975104162419155
14,Trick Questions,4.4710043315605645,0.26366724922627155,602.1911141338899,3.503396814088443,1,11.318967214828806,315.09161619930256,0.39500108505510734,0.1621406759563103
15,Fake Urgency,4.560074154641796,0.12602087315923124,589.7223490619556,4.50023363937075,0,10.53239225342979,364.02655452350615,0.43295711410262416,0.7455893084664525
15,Fake Urgency,7.657647783699839,0.19425903095251218,782.1785716116708,3.30593914958389,0,8.665133475024318,405.46571479248297,0.8837310822472182,0.046568697261401074
15,Visual Interference,4.3613478423104315,0.34923380723561054,262.6120138342511,5.087642347936964,0,11.662054709167656,402.66058639072395,0.3739776524013331,1.0893996483788515
15,Trick Questions,6.265618561187589,0.21946217696760387,1245.0574228483695,5.646246540218645,1,8.859761514363028,285.3011329604184,0.7071994602823184,1.4163507037924377
15,Trick Questions,4.648055511566339,0.3802730505364191,1546.5729513690194,5.7493233512514825,0,10.493330203619962,360.62034247906286,0.44295332571949986,1.4766815652888352
15,Confirmshaming,4.300551126943235,0.3304030527295855,967.5606717402275,4.255053419995321,0,8.985608132956427,419.24739400461397,0.47860434856603035,0.6020853165542174
15,Confirmshaming,4.009357562503113,0.43578773081111805,158.66880062133512,0.9773249776769714,0,11.229721007267045,443.55679357990005,0.3570309146512681,-1.3163692678945935
15,Confirmshaming,7.80094941528321,0.20624254010150053,455.4693325837224,3.4346453053188055,1,10.928899545638245,417.11539513644647,0.7137909340924073,0.12190041520621829
15,Visual Interference,6.896413317092554,0.2903818951073742,1767.9517202969805,5.45883735076174,0,10.7727008458277,288.77128713198067,0.6401749585168844,1.3066600979327485
16,Fake Urgency,4.157707245474024,0.3204530759069029,1676.6597237358485,1.411221932713068,0,11.661953190352168,285.7708163595858,0.35651894477793467,-1.06240936327888
16,Confirmshaming,6.9240946858331265,0.09474357222567738,340.2153350580192,2.76187089449087,1,10.980258192480882,289.33004448990073,0.6305948880668985,-0.27187447355173894
16,Visual Interference,5.2764018929730225,0.37472280862629803,211.06259728056284,3.739111319499497,0,8.482267543109115,293.0820442769656,0.6220508686099513,0.30010438511797366
16,Confirmshaming,6.121060530539601,0.20405415116919112,817.4009919750537,3.6055954528274077,1,10.15360596152315,392.4813797636921,0.6028459794220118,0.22195754317503524
16,Confirmshaming,6.503565505748036,0.3998302092239224,1166.1742605008026,1.704573058620349,0,11.48039549560372,283.6157998445658,0.5664931585535097,-0.8907109379047552
16,Visual Interference,4.74189163830689,0.17894411156467935,1688.7733505516674,0.7921663521858378,0,8.210735343908915,295.0523798043151,0.577523381243147,-1.4247426185778056
16,Fake Urgency,5.919502481215636,0.2861024038160829,1591.567238407459,5.910867427516052,1,9.671067128669335,351.63069038710194,0.6120836927775636,1.5712333193936106
16,Confirmshaming,6.929087228738581,0.011472399298910859,921.0627647871268,2.06321610814734,1,10.862213260936969,380.1484508600521,0.6379074929100482,-0.6807971471030058
16,Trick Questions,4.071495738933655,0.4445978514838539,855.8256706641729,2.552229224094217,1,8.873015551460256,441.49340127153835,0.4588626848809702,-0.3945777513679744
17,Confirmshaming,5.035930606407255,0.268963860748228,1770.8453498821348,5.351514277536417,0,11.614895868701081,448.161434668271,0.43357518339683865,1.243843899010355
17,Visual Interference,7.964674504547906,0.11193554860871509,1705.5074273229573,4.038021234357263,0,10.050754044066034,319.213867992019,0.7924454692282765,0.4750563698804713
17,Fake Urgency,5.536362445964999,0.026162052467709994,1729.4959339224872,5.026751896446209,1,10.519111691984612,316.7750839162141,0.5263146364520128,1.0537604647590595
17,Confirmshaming,7.711009132780852,0.4477594419644315,436.92716121215403,2.6189553058548887,1,10.784082472215168,306.1623040777754,0.7150361797258146,-0.3555229731248067
17,Trick Questions,5.85352299286248,0.2840924484914522,1383.988146752177,0.5952448973094195,1,11.440507265671695,357.7634566215302,0.511648903054021,-1.5400007537565652
17,Trick Questions,5.062400170354824,0.06698656536443384,1616.4343317838125,5.751648390086619,1,11.238064298899513,391.39113670863367,0.45046905193900333,1.4780424106092411
17,Confirmshaming,6.940850618093811,0.1338120226541118,566.8710050354604,0.42845998298094545,1,8.195134326692692,370.54242829812955,0.8469477547776728,-1.6376199705834626
17,Confirmshaming,4.880732807799245,0.3106338560102222,275.6159181589953,5.166758718673105,0,9.922346309306592,380.709323392118,0.4918930115572965,1.1357064632400438
17,Fake Urgency,6.285275767678296,0.30132928444688845,1047.2351981957088,5.241160129721152,1,10.085041248721659,427.587336688763,0.6232275716745327,1.1792536120128776
18,Trick Questions,7.402326916376968,0.39160944842231304,1318.7989115798075,5.087274638836563,1,10.720563087041201,385.1639342965813,0.6904793019057693,1.0891844282281211
18,Fake Urgency,4.7568861591400236,0.3979203384189541,1736.1702255050973,3.0066320491119076,1,8.02058068301886,419.390975959377,0.5930850080732039,-0.12861576025650628
18,Confirmshaming,6.974033025166431,0.08073435426125561,1499.6455897964527,5.0599513965633545,0,8.025543486867335,328.7964826397352,0.8689795322370938,1.0731921334656036
18,Fake Urgency,5.305734306013171,0.25633149741588496,341.14236368742513,2.5094940271260726,0,11.274717681999366,301.8362820758425,0.47058688790798137,-0.4195906638113466
18,Visual Interference,7.0441116100081125,0.24815729461748853,1738.9368063673412,2.314484129816642,0,11.72811242204007,297.42665375841545,0.6006176745688809,-0.5337299642719894
18,Trick Questions,4.695013901230267,0.34917580775803553,1713.0415156229576,1.331714486820725,1,10.834288018410518,360.50756103396503,0.433347709905082,-1.1089450744441696
18,Fake Urgency,6.483662071069908,0.030126494877505655,1588.035730151421,5.851538227393423,1,10.9986073269717,302.11466082220744,0.5894984590612788,1.5365079362601517
18,Confirmshaming,5.534449041622487,0.0388755036125657,1505.4963632222775,2.4822677637368575,1,9.010034998753529,280.1750115737577,0.6142538894008888,-0.43552619682930044
18,Fake Urgency,5.094506665126664,0.44873478006939294,853.1991486893554,2.9277673362461822,0,11.179238194999717,397.9259783828531,0.455711433665073,-0.17477527975638163
19,Trick Questions,7.3597886586898875,0.35004202320739397,529.588577001866,1.1354767078925172,1,11.852946613760528,285.3213933370778,0.6209248129191466,-1.2238030540639184
19,Confirmshaming,7.7744636806703955,0.19468001944749383,1203.5678136457411,2.6265286285916476,0,11.935910591839313,349.5867810735573,0.6513506967776606,-0.3510903070331737
19,Trick Questions,6.897690690456468,0.3381682852936243,480.5925868553759,5.261487755546973,1,10.25100114537353,360.1605182174271,0.6728797112240618,1.1911513721973437
19,Visual Interference,7.872773711658887,0.0916312269093733,1583.2282271267577,4.748942375633754,1,11.37913291246755,409.3740784603098,0.6918605988891368,0.891158541449875
19,Visual Interference,7.18719131145611,0.13943390827113028,1654.5294576838533,5.818063076237155,0,9.848389163062642,280.2094119782924,0.7297834389417086,1.5169149289897155
19,Visual Interference,4.500743168810201,0.3116487263807474,860.0047265841134,1.5229384695218857,0,8.256835748300537,378.9351383254478,0.5450929758093549,-0.997021669950622
19,Confirmshaming,6.361055755542489,0.20062856954752847,1774.1798222147916,1.2376515989383683,0,10.721826505437301,347.2426642595947,0.5932809817727084,-1.1640000863708944
19,Visual Interference,6.400082192477215,0.13833153463209344,1296.720112108795,5.216685424259546,1,8.158475301393429,361.6861810338309,0.7844703766381583,1.1649285659567004
19,Trick Questions,4.583688296140582,0.055228657976772906,1091.992428042871,0.502858766867024,0,8.841398319675474,338.8228164996227,0.5184347690726853,-1.5940743594886309
20,Trick Questions,4.039083389676735,0.15364297562735643,1004.2242115847739,0.8920523952110668,0,8.132812435165466,293.35834451635355,0.49664042074942527,-1.3662793137200475
20,Fake Urgency,5.288378808877342,0.44008520997850575,481.4174982727854,4.2818860686070135,1,8.164733981117086,393.9655279202501,0.6477098728639527,0.6177904668276166
20,Trick Questions,6.545720998174547,0.3208493196542365,202.11713896230935,5.642788578964663,0,10.165185341204282,400.5402883066558,0.6439352336884265,1.4143267589363302
20,Trick Questions,7.789401850524155,0.28513405049413704,1442.6474978036642,3.8286447209344843,0,10.643280473197002,374.01024694063295,0.7318609962539485,0.35250828845133114
20,Fake Urgency,7.269191079849975,0.20902004518805206,1211.9031970742662,3.3478549012422336,1,8.326519928122359,290.25985427839584,0.8730167155787,0.07110198833315629
20,Visual Interference,6.601176743493816,0.22088272857356642,1165.9743362047006,2.242497651762108,0,10.977116262379823,428.21157242543063,0.601358005664658,-0.5758636526700325
20,Confirmshaming,6.6348311020035045,0.22920611523938117,1066.3498590470915,4.427529958324677,0,11.985335664226968,445.71483756495314,0.5535790809603027,0.7030358411296379
20,Visual Interference,4.326105958209707,0.187434998894486,513.9258561218335,2.743038816538855,0,11.361809625107734,309.6128672183031,0.3807585323952026,-0.282896889507646
20,Confirmshaming,6.908676279065232,0.3367908693279917,852.0640018393243,2.3372359582629922,0,11.950598254944232,286.818562540122,0.5781029645279019,-0.5204133181996806
21,Confirmshaming,6.055983471234899,0.26874568635963486,198.50083549823702,2.614884951154485,0,10.390894261023458,414.8025360829574,0.5828163889561524,-0.3579053518888629
21,Visual Interference,5.107311188940207,0.27063414458107937,1655.39952026754,1.5797082584317326,0,10.526240880370082,404.6292138105978,0.48519801579542077,-0.9637943102992977
21,Visual Interference,7.104000828141718,0.18833648055772712,1143.061383042314,3.942226986067314,0,10.05046082082322,350.2152996901085,0.7068333437431219,0.4189879926400143
21,Fake Urgency,5.969111425792139,0.1187816727373979,1586.7373370996438,2.8937094280149265,0,9.436933477599062,380.8016447439377,0.6325265977514124,-0.1947093747654164
21,Fake Urgency,6.608492982121751,0.14734514494643672,808.4258111262333,5.204723021967152,0,10.353650533362423,381.7813766170183,0.6382766117928451,1.1579269714308795
21,Trick Questions,7.879284180314179,0.2096673982088013,539.4832645216655,0.8115817850480709,0,10.07909579422407,337.2905399933187,0.7817451427368598,-1.4133787649703164
21,Fake Urgency,4.583026272979007,0.2077508874940446,1120.0092123321383,5.712066787168029,0,9.437002991664983,344.490960286812,0.4856442534803539,1.4548752968854166
21,Visual Interference,6.945608060262562,0.30207399215359426,933.1409449871929,5.127354514227504,1,10.341417457587008,427.60611768725397,0.6716301792040025,1.1126431808493424
21,Trick Questions,6.15962335800885,0.025042617013229598,1778.0434175893165,1.0886365277659096,0,8.206787348966108,388.8005043622753,0.7505523289554761,-1.2512186133091925
22,Visual Interference,5.808796113133742,0.4209050077122782,671.6575732116384,3.2405149286549975,0,8.593372803848355,447.727120903004,0.6759623078999201,0.008275898213579451
22,Trick Questions,6.743870943931936,0.01764710768161104,683.1655841659596,5.84934738919394,0,9.016898319589973,368.6941079281562,0.7479147157820675,1.5352256385770007
22,Visual Interference,6.667457030184417,0.07144655209277767,199.45642328991863,2.124407672910669,1,8.807413808491793,394.48351366523593,0.7570277921716241,-0.644981721873095
22,Fake Urgency,4.753396335062406,0.3315649689431856,407.670343907087,1.7135432426750405,1,9.021226098913727,392.47749956309497,0.5269124488116728,-0.8854606888295448
22,Visual Interference,7.778456877896093,0.31062913244744417,970.338360613905,3.859944545126797,1,10.282438986555318,285.16580014846227,0.7564797503847795,0.3708280767653724
22,Trick Questions,7.182041486785613,0.41421823067714186,1141.0057452012895,5.668901995493163,1,10.667886067963629,378.1214902409972,0.6732394254147277,1.4296109426435346
22,Fake Urgency,6.631381218412145,0.4497420393390933,229.54986411991746,5.872175431639377,0,11.483013801349037,413.00553228990645,0.5774948400421746,1.5485868927059316
22,Confirmshaming,5.154742382122553,0.05800823797692988,1223.344218856331,4.685068841512394,1,9.752689385647951,433.2338604300355,0.5285457352623438,0.8537733594506616
22,Confirmshaming,7.191254595434538,0.20165665851769052,1499.4264566887857,1.073170710075407,0,8.023034641992487,335.1795910830459,0.8963260058476602,-1.260270757003442
23,Trick Questions,6.439327221994779,0.2579131280333219,777.6925119841162,3.4715984412482697,0,10.182747553981894,355.55130696770425,0.6323762017920913,0.14352908709933512
23,Fake Urgency,4.2927836950737746,0.27551738108780627,1252.5511176157768,3.869145937653841,0,9.519143120716919,426.7667204272103,0.4509632474934856,0.37621365216842023
23,Trick Questions,7.388669445490297,0.41226406701864676,1492.7143757273177,1.0099427143416961,0,10.106495189075838,321.8318419956597,0.7310812806280013,-1.2972781053593208
23,Trick Questions,6.4316203711737785,0.34654863507853645,1491.4264688815542,4.421489226868369,1,8.072930330705447,313.2822575662028,0.7966896910668319,0.6995002007739096
23,Visual Interference,7.586857159360489,0.04136331882427212,1725.1890495549574,4.06628125601555,0,8.78861650629151,361.461149005412,0.8632595533016242,0.49159696165341776
23,Visual Interference,4.405683313796866,0.2237835740419833,573.6813367388381,1.9952882509867678,0,11.212103591330653,371.6574170347933,0.39293994012001443,-0.7205553245343584
23,Trick Questions,4.3585053566197685,0.325759745799797,809.8435912268577,5.8696613365104415,1,10.089924162064474,300.9478512092682,0.431966116554833,1.547115392729431
23,Trick Questions,4.725753390782508,0.2410718888135065,1319.926331842014,0.9985107693305655,0,9.026251134805456,443.6975687903886,0.5235566039770244,-1.3039692232178393
23,Trick Questions,4.348155850350635,0.3689294031418836,766.2909770133396,3.348395487261173,0,8.010336059379929,388.45748498486057,0.542818156206947,0.07141839335101373
24,Confirmshaming,7.536825853393632,0.11035509965753028,499.87398584857397,3.821493537565553,0,11.35944521146688,433.00393097766187,0.6634853827003385,0.34832270054806475
24,Trick Questions,6.226548231746869,0.12248379903607981,648.3998280274118,4.498965178479554,1,10.685698678122458,417.62009588063506,0.5826992150260512,0.7448468782576255
24,Visual Interference,6.4954372987062925,0.20877777864438082,1117.9039642395323,1.3408795633712352,1,11.451188310172913,316.8457660154319,0.5672282319325698,-1.1035807547835956
24,Confirmshaming,4.7137838609110885,0.14739958586147026,529.9061779059854,1.554642521303188,0,9.027535390582859,387.4426326234711,0.5221562316807207,-0.9784652872130633
24,Confirmshaming,5.9870674354366775,0.44462562889455043,375.12559171860966,4.292809502666525,0,9.712798459702459,401.99162016188995,0.6164101376422553,0.624183953206425
24,Confirmshaming,4.06328436706233,0.16007961076865704,1500.866644246734,3.778028697194884,0,11.622099169318695,411.345863666395,0.34961707931292124,0.3228827277928882
24,Trick Questions,4.342632998385723,0.40344398485221206,466.5810857859258,2.2108807478469163,0,9.41998522332775,291.80205326683586,0.46100210302151867,-0.5943690277581758
24,Confirmshaming,7.327452453005688,0.3046251510989432,265.3871494205663,3.9849420534377296,0,10.37124796661369,395.62242828758673,0.7065159830903329,0.4439891232290549
24,Trick Questions,5.297335012461502,0.1565208417456071,1254.6534760770137,5.967180422838538,1,10.2311336694801,404.21058674067183,0.5177661814998737,1.6041933177405312
25,Fake Urgency,5.334278197888802,0.26540900295533687,296.46620027781796,5.785328121346954,0,11.019351279763391,308.981249489566,0.4840827796900345,1.497755158622524
25,Fake Urgency,4.3867057985868785,0.20816321195360146,1397.669492677156,2.3464005357382995,1,11.181799843158917,437.62022931150693,0.39230766603917416,-0.5150492906478423
25,Confirmshaming,4.479316008070585,0.43863243659632684,183.04348727761038,4.528209260040562,1,8.974626864255466,394.16493541421636,0.4991088850625088,0.7619634403298112
25,Trick Questions,6.494342752011039,0.04921475013104731,1396.196193819733,1.1151955083573148,1,11.128112350681544,400.48659861630597,0.5835978778209667,-1.235673640938684
25,Fake Urgency,4.470596113894235,0.11003721204228346,713.7629281299194,2.533093342861528,0,8.956221328789063,366.6531219477887,0.4991609686468844,-0.4057779833958461
25,Visual Interference,5.587926068297134,0.2067691178221277,1140.9806500450186,3.2878047951003873,1,9.98785393162332,448.66686251996316,0.5594721455231506,0.035954658878682315
25,Confirmshaming,5.564171052232698,0.23050731964008428,805.3449827581982,3.4225026650556796,0,10.697215225636194,370.5218027351025,0.5201513604118198,0.11479332738913543
25,Fake Urgency,7.223701600470484,0.357613391975107,652.7205795117673,0.8531479850870122,0,8.694098059946034,398.1416851134185,0.8308741804685055,-1.389050066474958
25,Fake Urgency,7.829291551578349,0.2621382287295737,1689.0057217858205,3.620914762781099,0,9.254910764776383,383.0830605536738,0.8459607823963194,0.2309239358852454
26,Confirmshaming,6.425011751003909,0.346516312397318,438.4837349796807,3.2143700281952774,0,8.585495968648996,342.48085178956035,0.748356504326091,-0.007026713039789351
26,Trick Questions,5.9129360921922895,0.23268732413257037,533.7097413028771,0.8478062084120909,1,8.48814020849758,381.0294275955017,0.6966115011004151,-1.3921766085700245
26,Visual Interference,6.024567451360976,0.20338514299848046,324.34672903187743,3.9886273622651545,0,10.478351819591317,390.5341857076861,0.5749537288962636,0.44614613462871877
26,Visual Interference,5.545843364636589,0.2583540798987083,466.44105172657,1.5858299637266788,0,11.017014177375453,385.31461773928993,0.5033889650451332,-0.9602112759526734
26,Visual Interference,7.934715701053655,0.11523924585500726,384.7114583338737,1.0797556607656018,0,8.404183244042587,397.66742808800245,0.9441388259446009,-1.256416585109007
26,Trick Questions,6.472206697148744,0.2886034354459242,527.6760979969124,1.7028150159510136,0,8.695010382649178,391.47302433548157,0.7443587083074655,-0.8917399203473206
26,Fake Urgency,5.704333535561486,0.06751256576568777,1612.89695514677,2.918794033399406,0,9.471037403509158,350.4020579299176,0.6022923669848402,-0.18002735426072014
26,Fake Urgency,4.707548580575418,0.18031465454767756,1740.3067545458791,1.7920494432036755,0,9.674322486495742,414.35741509622517,0.4866024041628365,-0.839511006614477
26,Confirmshaming,7.0411592924885404,0.07032827052075959,1033.2617168967763,1.6051304832965299,0,8.964805830398166,445.89853833470914,0.7854223979523505,-0.9489146810996735
27,Fake Urgency,4.258466719376345,0.028758612086294405,762.8241366227322,1.8887663652641553,0,9.997335339914473,325.2232772609147,0.4259601758454944,-0.7829025883803332
27,Confirmshaming,5.952964548087113,0.07602141246535307,685.715279368599,4.529199633371678,0,9.503553140583078,347.060967356906,0.6263935667036084,0.7625431058789351
27,Fake Urgency,5.569574886113898,0.43073776388553725,369.6892568938599,0.9720373660822134,1,11.771324565653046,417.5101884781758,0.4731476780756755,-1.3194641071661388
27,Trick Questions,5.018682488184204,0.37998349494740596,213.40347578783624,5.449867155958372,0,10.548805907233122,392.09016677498306,0.4757583495533827,1.3014098425663374
27,Visual Interference,5.800497729679039,0.10986446552076022,1617.495011612593,2.923470077686644,1,8.422773919625097,448.00679607002235,0.688668339555435,-0.17729046535799217
27,Visual Interference,6.720911116833413,0.028336076265049075,289.9068264755753,4.411410973151021,0,8.285026911061035,282.05844078993084,0.8112117424580205,0.6936013984821591
27,Confirmshaming,6.034317157790314,0.1805419018524186,912.2124455070771,5.952895089673534,1,11.769261558692772,413.25325505050455,0.5127184171833933,1.5958321116848528
27,Visual Interference,4.696437341336337,0.05329408587389482,1239.499487507208,4.680486908441721,0,8.08377984412365,293.9691834709927,0.580970465784063,0.8510915538466399
27,Trick Questions,7.595603296024942,0.35429336680813267,525.9399889461315,5.8655487577532375,1,8.041710797589612,323.4202923964873,0.9445257964638091,1.5447083002232915
28,Trick Questions,7.0985351225511515,0.2933178715580975,1024.9985198611112,0.6349268512171631,1,11.194856766618297,329.779746239164,0.6340889633995247,-1.5167749045948968
28,Trick Questions,4.455826538857268,0.22384682131011757,1668.4903490120228,3.3163015942715908,0,8.626553747895233,287.4350563995948,0.5165245205762998,0.05263383653912458
28,Confirmshaming,7.712334561304199,0.10883086921129484,764.0755893318969,2.8196305444874974,0,10.451758329978102,440.3228924166003,0.7378982863757392,-0.2380677481679201
28,Fake Urgency,7.713270131394308,0.30743220125799636,968.4789338218128,0.4712033839266037,1,10.685819739578573,333.87682114864066,0.7218229690723291,-1.6126022563517333
28,Visual Interference,7.386057354761112,0.414327674801404,566.1976832860466,4.6282348009791585,0,11.367994211560246,403.84341511747425,0.6497238842055483,0.820508393321675
28,Visual Interference,4.722378392701204,0.033697611079131495,678.0987236596227,4.617849081115056,0,10.15822488198202,403.7510200442263,0.46488224542827783,0.8144296310823004
28,Fake Urgency,4.526915093818248,0.32943116039353004,1499.3457942639593,1.5956636513397626,0,11.3628121120448,404.5762626102626,0.39839742567067804,-0.9544556182112363
28,Visual Interference,7.032740044306149,0.3371064658737081,1159.7018338065961,0.9932119903275606,0,8.375027682582227,378.1193731588835,0.8397273789234548,-1.307070598773865
28,Confirmshaming,7.044486148172632,0.08043151938001211,911.5698327926533,0.45225707103172247,0,10.90584686045202,448.6076917293918,0.6459366464898864,-1.6236915340241318
29,Trick Questions,4.7758154690711,0.39711925381445307,1234.974516083738,2.141202008042303,1,11.260473537921472,384.5463008579925,0.4241220809220648,-0.6351519968690114
29,Fake Urgency,5.421538274742957,0.3548683851735748,1064.4737483178274,0.4292858358403113,1,8.141245419760956,406.77474306430946,0.6659347550908427,-1.6371365988728368
29,Fake Urgency,6.998181937875553,0.34381761164884217,1269.325057710984,4.635082084192135,1,9.881276216407143,365.34853629303603,0.7082265270811456,0.8245161084518712
29,Fake Urgency,5.473238122027393,0.20738867761999874,1341.417048034516,5.362696370604417,0,9.566102792711318,350.14571294426605,0.5721492064874744,1.2503887785168664
29,Trick Questions,4.713490337229319,0.022791407351339645,425.360444460537,1.4153879675828294,0,9.609308498746223,428.62462000374046,0.4905129581222533,-1.0599709829079869
29,Confirmshaming,6.56930210362091,0.03853558157250607,1106.9732492564167,3.5443136925733327,0,10.41395066638582,394.9995493284816,0.630817478790765,0.18608932652089172
29,Fake Urgency,6.408582576209924,0.020090436957938496,681.4782069781561,3.9643476458752622,0,10.781662593312213,406.8072854983247,0.5943965061738364,0.43193521568378024
29,Fake Urgency,6.830723738963663,0.35699058445585885,1003.4939431286555,2.865114388550747,0,9.312771014437246,353.7832922495588,0.7334791898538301,-0.21144605247314882
29,Fake Urgency,5.4856880074921825,0.037518579834842115,1472.2554111022064,4.692895734241203,1,9.197774041967547,309.4916126252127,0.5964147393121553,0.8583544400684786
30,Fake Urgency,6.544709458832931,0.3556867119553021,345.2547150235891,2.695467382299214,1,9.535331807732176,377.2182861086217,0.6863641025607355,-0.3107404518136477
30,Trick Questions,4.811745470299609,0.2588419845654338,1766.4170798059076,1.3256470214329774,1,10.343240583887608,379.7014456720802,0.465206762936096,-1.1124963621710062
30,Fake Urgency,6.072315064955262,0.14143925237906016,1702.1207544403119,1.852061849648333,0,11.490921001938407,423.12870635460746,0.5284445923813175,-0.8043857427942303
30,Confirmshaming,5.923624003012279,0.201479375672357,1696.6329354561763,4.353706442918537,0,8.199368111131767,433.6652661442637,0.7224488427309596,0.6598269346984318
30,Visual Interference,5.747402810460718,0.33098362060705455,1413.096283335331,1.2898857389483798,0,8.541416329110742,407.73376462493775,0.6728863913204296,-1.1334274421966046
30,Trick Questions,5.888241736787993,0.01589715563015287,616.5303878049573,0.6497314868885846,0,9.102879412382208,326.8540975754207,0.6468548543858004,-1.5081097507620662
30,Fake Urgency,4.998184799398024,0.12965787949659763,1403.00713298964,2.918543117723024,1,8.26146463025754,362.88710292447536,0.604999842411988,-0.18017421521584093
30,Trick Questions,4.1860023457602615,0.28266775368774294,1077.2881983202312,2.3371545060094876,0,11.087430904726485,294.6921838296329,0.37754484169780045,-0.5204609922068169
30,Visual Interference,4.087293587101958,0.3020674619172592,1739.6008164523582,3.5369418273863147,1,8.209031517144094,351.1948642426074,0.4979020458827425,0.18177457354093762
31,Trick Questions,6.497701785886912,0.2275716977698409,1766.2588866298988,1.2118044053269754,1,8.764762805859156,337.5047279064992,0.7413437111547689,-1.1791284497943877
31,Visual Interference,7.888021318526148,0.2777519999864453,726.685513943251,1.0389363953724269,0,8.90126771980494,322.66433242785064,0.8861683039794026,-1.2803081027272207
31,Visual Interference,6.7350164223081705,0.24984643243470786,1767.852756301825,1.673493176823722,0,10.17018321358169,414.5889980370698,0.6622315725162106,-0.9089019939260687
31,Confirmshaming,6.174152869370584,0.04595915212858243,906.1960585222831,3.114299207928263,0,11.78279258800113,424.4958131517125,0.5239974159994941,-0.06559816802433274
31,Fake Urgency,4.3902500409571985,0.38927423969787983,909.2677364059255,4.595988791096348,0,11.147880539670666,299.02910759366017,0.39381925787006117,0.8016348024862779
31,Visual Interference,5.836959510387832,0.032860894123878104,1447.3590289836545,1.5276371799614563,0,8.658825413729183,336.1365610281546,0.6741052315401714,-0.9942715145480544
31,Fake Urgency,7.016430721264657,0.017896098570136406,358.31874160781217,4.093924451810556,0,9.02197337862242,440.9284522139332,0.7777046580396813,0.5077765252246561
31,Trick Questions,7.9399586245635,0.3496854895763958,194.8262450221737,0.7651457110587555,0,11.63688082344624,371.5793056519614,0.6823098685144131,-1.440557800877756
31,Trick Questions,7.193376752897313,0.17365037388342056,895.2997517322765,2.625335786717772,0,9.764288633003135,313.25357641756756,0.7367025928119144,-0.3517884774282295
32,Trick Questions,6.093318524778965,0.13634070155721326,1458.209791405835,3.634522848934482,0,11.191656638463577,347.31498035261734,0.5444518824708576,0.23888874923874767
32,Trick Questions,7.587831721694137,0.23888383023068396,888.544851528358,3.5237930748035278,0,10.453892554556706,341.72712522778176,0.7258379289910252,0.17407860814412496
32,Visual Interference,5.107617949511235,0.44274944799469773,382.17402128045137,1.5312877430539436,0,11.575958840031483,391.2297338952435,0.44122633987331494,-0.9921348398283976
32,Visual Interference,5.252647979269129,0.3613810398484106,1746.7971972205917,5.198494042020527,0,10.958921328342162,334.3433615148926,0.4793033750214663,1.1542811492264657
32,Confirmshaming,5.671043917100398,0.443008540376059,1252.0679980259847,3.954159130222072,0,11.527711033218576,352.6732469465046,0.4919488266802107,0.42597187707670325
32,Visual Interference,4.51930579580687,0.3122188389770128,303.5003026590449,0.564439290973397,1,8.839011790734725,344.43461145724655,0.5112908436827882,-1.5580312763401467
32,Visual Interference,4.749647776390329,0.3875979033891522,1501.4547978717326,3.4284450279190484,1,9.257400452734993,360.0985428185785,0.5130649582072578,0.1182713926035999
32,Visual Interference,6.606671674825703,0.14818674979680208,569.6312689442226,4.987828587280182,1,10.101739650182772,321.53778993369923,0.6540132594593415,1.0309786503941496
32,Trick Questions,7.303912850832328,0.054280490550354665,545.7922860473088,1.1950431426615657,0,9.80140391562165,407.3004772837621,0.7451904761511994,-1.1889388174827071
33,Confirmshaming,5.742021817592637,0.26398988153818975,1367.8140535085533,4.9146969336212285,1,9.0158994982881,285.2896519859508,0.6368773097662532,0.9881746906704125
33,Confirmshaming,6.704710248301736,0.15304576678994755,1282.4398745320607,0.7899904297094722,0,11.422949035623144,318.62052469399754,0.5869509027303457,-1.4260161860876377
33,Trick Questions,4.290683486440065,0.04391432525864271,711.6271529000136,5.251764479807515,0,9.44151127972139,291.64591912658653,0.45444880160823986,1.1854603385298232
33,Confirmshaming,5.215785604962895,0.29739162783376455,1698.2029504399964,5.278745100673091,1,11.153789373013195,393.0474335909192,0.46762453822039957,1.2012520969691614
33,Fake Urgency,6.60307419023499,0.3946597586208747,150.31085926836013,1.346853993993558,0,9.518011613498874,318.54416509699684,0.693745128538214,-1.1000839203085713
33,Confirmshaming,6.186592880751154,0.17737624154698026,1761.720542042588,1.0200353226273677,0,8.168098700685622,405.78370053037816,0.7574091728631851,-1.2913709013381733
33,Fake Urgency,7.864973642827193,0.06607974214606234,1317.6857384455209,5.84754740819568,1,10.797261500504815,422.70835461513036,0.7284230026715084,1.5341721096288887
33,Confirmshaming,7.851241428296104,0.3297352365109422,652.83930738712,5.044610123209543,0,11.491015358264512,299.1386663700293,0.6832504512013703,1.064212885576451
33,Fake Urgency,4.4809889060467025,0.040070011634194574,584.4710431927801,0.6582919602801095,0,9.13531378809408,420.17091737479547,0.49051286140676514,-1.5030993053539021
34,Confirmshaming,5.188951230834469,0.14196440906307328,1376.2687779071457,0.6695998814787794,1,11.409055497564726,393.5267961484891,0.45480988605428874,-1.4964807786376282
34,Fake Urgency,5.361623373398259,0.4451724776740765,1183.190683128678,3.3753725151811307,1,9.141161353429265,352.9610408773807,0.5865363454488056,0.08720804883914197
34,Visual Interference,7.98175006476524,0.38650628128851733,1010.3853869219226,0.7563890920051971,1,10.395914032708841,299.53860950012637,0.767777613363493,-1.4456830503495177
34,Confirmshaming,6.100959030080641,0.024364098120094185,1583.1099854284764,0.7622466036847368,1,8.100567833109091,398.0565775422205,0.7531520204231192,-1.4422546485362402
34,Trick Questions,5.267786351164477,0.2012222227778332,1426.901431954758,3.7707712136847364,1,9.773520057516752,383.2052283821882,0.538985577372715,0.31863492241284386
34,Visual Interference,5.780984449139153,0.35707299611835824,1205.3491759431752,4.187987629094996,0,8.936737787261944,413.74755697625426,0.646878602321658,0.5628317065384314
34,Visual Interference,6.60889703818189,0.42823366313792954,1141.0742598047873,4.564125930588735,0,10.536416125505326,292.0584767427415,0.6272433586012083,0.7829854689950484
34,Confirmshaming,4.011684130485448,0.027497024594970602,1146.7182671675118,5.481328922391943,0,9.878567098722836,356.57910128182914,0.40609980074985813,1.3198244156804697
34,Confirmshaming,5.92816423244833,0.09628299360489288,1157.7871172750176,1.9718260068894562,0,10.066290513783915,280.93598585727153,0.5889124920774748,-0.7342877769147356
35,Fake Urgency,4.1979874139746665,0.3766595114481255,1542.4756108093447,1.9954849205733804,0,9.754153954149743,317.14667184020215,0.4303794499971679,-0.7204402138176842
35,Fake Urgency,5.173955292832487,0.41997163655043923,805.0748180413663,0.8877194940563203,0,8.455353573906406,338.68793427628765,0.6119147174163764,-1.3688153609340161
35,Visual Interference,6.299118217057661,0.023054018148485518,1264.4433424526972,0.6511799809319845,0,11.717706777892456,308.08466968743454,0.537572610106789,-1.5072619471422697
35,Trick Questions,5.6873127141553255,0.19084927311684013,1647.5581542183156,4.398582809014396,0,9.23749087145113,420.0443653176201,0.6156772215853782,0.6860930735153222
35,Visual Interference,7.816132510340163,0.32741311848676685,1573.7528298054804,0.41178152178494715,1,11.318350227461002,286.89498538259585,0.6905717134796175,-1.6473818745685234
35,Trick Questions,6.746359653970427,0.06037456074899825,783.3341570242161,2.954924450151035,0,8.484100001940773,351.22112433187084,0.7951768192769026,-0.1588802199343076
35,Trick Questions,7.601285072297086,0.18786548104345205,679.7838101936327,4.599164280844211,0,10.584384700020252,389.8965153211832,0.7181603170831974,0.8034934167588959
35,Visual Interference,6.374643164834154,0.014457720972207086,1199.5584765757446,5.514406906426926,0,11.49479437386538,403.0754194292359,0.5545678293582679,1.3391849610194095
35,Visual Interference,6.963925001098314,0.24319627008762423,1517.8792587000603,5.951074069708346,1,10.779529494703837,370.52375890431495,0.6460323713126632,1.5947662686285815
36,Visual Interference,5.944001975190412,0.26396795016320235,222.16946930976314,1.0888184526929754,0,9.372669412690634,403.95949288340614,0.6341845330789335,-1.2511121326423231
36,Confirmshaming,4.26953821914209,0.1804527376942101,1555.5380408420135,2.6618280393526925,0,10.170137474129007,426.4962241361102,0.419811259189271,-0.3304295605452891
36,Fake Urgency,5.785678065606328,0.3612873498280751,1506.9969165526593,5.202349090903189,1,9.723940882053185,334.2073591145936,0.5949931345515027,1.156537509487045
36,Trick Questions,4.049238812064303,0.1728230272566723,195.24351145488512,2.6006556619336307,0,10.046725546326048,308.1568189948051,0.4030406517420051,-0.3662337554218559
36,Visual Interference,4.570376576327635,0.40164269548087567,720.6978102174647,1.2649745844506133,0,10.583289545145938,388.27339396730633,0.43184839239552447,-1.1480079418905786
36,Visual Interference,5.543498011580464,0.3583569140749925,1133.381589602745,0.96705552184489,1,10.124341379540972,423.09297149659494,0.5475415934494893,-1.3223799807915153
36,Trick Questions,7.952143864622368,0.20976071332629057,1285.6524890373912,1.1870966184388203,0,8.110146879477862,365.92737004477647,0.9805178602553661,-1.1935899184185663
36,Visual Interference,4.5431561882557485,0.0536929692116249,494.625716664471,5.5835690481418805,0,9.581737071971657,333.2450643819296,0.47414744885301807,1.3796655652483265
36,Confirmshaming,5.834092035527563,0.137267699667968,1635.1372519771933,1.0503781771229432,1,9.255866869509411,431.0286242924758,0.6303128726652469,-1.2736112274247582
37,Trick Questions,7.979431892237287,0.24996769333605312,295.53281125328664,3.7985131128308076,0,8.123750578925367,445.0261661251322,0.9822349682839263,0.33487225705928975
37,Fake Urgency,6.16563042939034,0.07782381899853431,1063.6239508407184,3.433546949496022,1,11.334599847750342,354.8750295531121,0.5439654255296958,0.12125754750053225
37,Fake Urgency,7.307259895185676,0.321966038686294,442.3320266985781,3.2416996502705557,1,8.9401488592153,421.2170467884131,0.817353268973091,0.00896931582112713
37,Trick Questions,5.38910815612203,0.26540574443722625,379.67455722039756,2.886644995532336,0,9.955591327169806,348.3023961112351,0.5413147224529611,-0.19884418737154208
37,Confirmshaming,6.938311692485653,0.14221532966419026,687.6081439813422,4.838119794992347,0,10.923272114847235,305.15730505219193,0.6351861987448701,0.9433540884601088
37,Confirmshaming,5.902184149947306,0.2489308169413718,525.7870645702958,5.798561544126877,1,10.888572941823623,370.6757268901116,0.5420530478587037,1.5055006814890055
37,Trick Questions,4.151926253159414,0.3381784169958853,1056.3820910152372,0.7233498904673732,1,9.867128308924752,285.85841410225,0.4207836488154334,-1.465020896291366
37,Fake Urgency,4.595183877620462,0.21357726622877315,1768.6291739684305,3.107081641449621,1,10.354926088525279,343.80608434633234,0.4437679070169873,-0.0698226099642883
37,Fake Urgency,6.089776581621858,0.25759314756982926,878.0191275312887,3.7922296975787173,1,9.449072348394365,403.3717987473914,0.644484067545177,0.3311945738684754
38,Confirmshaming,7.922957374333718,0.18933705177247948,1515.4062214754001,4.681355650066419,0,11.824188574447732,314.08066763982845,0.6700635163630053,0.8516000283532786
38,Confirmshaming,4.237886275469123,0.011393853375508765,1206.3272140733793,2.0712355092265096,0,9.247596320017122,323.52808606784225,0.45826895214877594,-0.6761033913402542
38,Confirmshaming,6.041729956016929,0.2857007048810125,1678.5313011046433,0.5070501288066785,0,10.750888169722243,402.8601828086988,0.5619749606392772,-1.5916211551827466
38,Fake Urgency,6.108904723359201,0.2883194083849643,1213.3759572497056,4.990867707914474,0,10.932204759439973,369.8582786527735,0.5587989667028651,1.0327574478193038
38,Fake Urgency,4.035453140453876,0.4490411765000704,1266.7551431147028,5.039428076915056,0,8.05726111066824,405.4378181554601,0.5008467623210973,1.0611798336792497
38,Confirmshaming,6.531625322713737,0.04037299799065384,159.348593973786,5.647709759369251,1,11.236732684556124,430.3521268353361,0.581274424343196,1.4172071260180532
38,Visual Interference,6.454416456949834,0.04898607414665879,954.5858859508979,0.8348362741609884,0,9.628425956502511,291.2216735038411,0.6703501160115247,-1.3997679115903652
38,Visual Interference,6.196521345108691,0.2881195249827466,1102.117096362153,4.307435146011205,0,8.403764799910086,427.72052288745465,0.7373506389868252,0.6327443428234695
38,Fake Urgency,4.307448301104654,0.23027467795098386,1460.9506484097353,4.359684272693509,0,8.291607341471614,348.4884580475483,0.5194949692757831,0.6633257586976335
39,Visual Interference,4.844449884664545,0.3898963374170808,812.1549399625251,2.038084509996154,0,9.06467205006215,283.7445766080489,0.5344318975810416,-0.6955066724758784
39,Visual Interference,5.9057479453751665,0.10945275903903988,1206.7854695901426,5.8822942449789295,0,9.431256336454195,390.1289658183898,0.6261888909272834,1.5545094345461323
39,Fake Urgency,4.751371410151096,0.32670823947606187,1580.440222780608,2.9421023494067993,1,10.218629392140382,388.30544230375386,0.4649714974305257,-0.16638499599734388
39,Fake Urgency,4.967726721262118,0.3241391583028995,1507.1824107339246,4.902167642294113,0,10.080679569243005,304.2889134277,0.492796808701178,0.9808412959705766
39,Visual Interference,6.8826205811324535,0.1866360776018052,411.72983846852367,5.339156150441161,1,10.886886210868717,326.1629980599112,0.6321936729954355,1.2366106867420668
39,Confirmshaming,5.270347181044467,0.010059264921973541,993.3630797414291,0.6623706877545775,0,10.827905949822865,290.6572356757172,0.48673743616425524,-1.5007120260048612
39,Fake Urgency,5.867871999854443,0.1597631283745356,1701.7400344646846,0.8632065845363796,1,11.306858639724073,302.0880871710692,0.5189657169002725,-1.3831627678270189
39,Confirmshaming,7.37084760864222,0.147873083737463,1451.738578430412,5.394484010940115,0,11.639772575417568,344.14406917374276,0.6332467031365341,1.2689940856385558
39,Trick Questions,6.700560244598672,0.06104997979319449,219.78138621742397,3.561922685584673,1,11.376994809623273,394.8941168989372,0.5889569571510201,0.19639587081357227
40,Visual Interference,4.667812354988795,0.32374026227910024,1249.5359324040408,5.8098660287205925,1,11.803090830925353,399.43188526091717,0.3954737298774852,1.512117196760266
40,Fake Urgency,5.075872126381544,0.21917890745403246,1196.660570523487,5.9970109900075315,0,9.994283198022837,345.470420383425,0.507877556179887,1.6216531498618234
40,Trick Questions,5.730916544078818,0.21138782627008937,494.6564946085201,2.464760156842853,0,8.20942008074989,410.4864968480461,0.6980903020807929,-0.44577339982357106
40,Fake Urgency,6.208277458613511,0.19295090030247808,1337.4287974073752,2.4785050428001543,1,10.921985443835162,390.11123908069663,0.5684202282212095,-0.4377285175395281
40,Trick Questions,6.711252801240176,0.27741093379119797,637.247437993524,1.1649650604465664,1,10.954389832529323,333.65664843976947,0.612654187393528,-1.2065435201700292
40,Trick Questions,4.2087945161798865,0.31016530747570864,922.4543331467002,3.6433814300984437,0,8.172027807467758,393.36733229365666,0.515024497632498,0.24407367713768433
40,Confirmshaming,4.446048849285106,0.2369792371934244,591.527916601153,5.078689264156289,0,9.516376194687744,337.34874295074576,0.4671997783953718,1.084159408094686
40,Fake Urgency,6.837531868349563,0.4274922205656974,201.84600549360033,4.522722380340268,0,11.62426354274546,325.3347834325362,0.5882120482907298,0.7587519694283648
40,Confirmshaming,5.8563806378140155,0.43393966599053885,1006.4032622137554,4.194236697770138,0,11.09596551261105,411.3966519189396,0.5277936950288807,0.5664892866764251
